Dow Jones,S&P 500,NASDAQ
16569.28,1938.99,4383.89
16429.47,1920.21,4352.84
16443.34,1920.24,4355.05
16368.27,1909.57,4334.97
16553.93,1931.59,4370.9
16569.98,1936.92,4401.33
16560.54,1933.75,4389.25
16651.8,1946.72,4434.13
16713.58,1955.18,4453.0
16662.91,1955.06,4464.93
16838.74,1971.74,4508.31
16919.59,1981.6,4527.51
16979.13,1986.51,4526.48
17039.49,1992.37,4532.1
17001.22,1988.4,4538.55
17076.87,1997.92,4557.35
17106.7,2000.02,4570.64
17122.01,2000.12,4569.62
17079.57,1996.74,4557.7
17098.45,2003.37,4580.27
,,
17067.56,2002.28,4598.19
17078.28,2000.72,4572.57
17069.58,1997.65,4562.29
17137.36,2007.71,4582.9
17111.42,2001.54,4592.29
17013.87,1988.44,4552.29
17068.71,1995.69,4586.52
17049.0,1997.45,4591.81
16987.51,1985.54,4567.6
17031.14,1984.13,4518.9
17131.97,1998.98,4552.76
17156.85,2001.57,4562.19
17265.99,2011.36,4593.43
17279.74,2010.4,4579.79
17172.68,1994.29,4527.69
17055.87,1982.77,4508.69
17210.06,1998.3,4555.22
16945.8,1965.99,4466.75
17113.15,1982.85,4512.19
17071.22,1977.8,4505.85
17042.9,1972.29,4493.39
16804.71,1946.16,4422.09
16801.05,1946.17,4430.2
17009.69,1967.9,4475.62
16991.91,1964.82,4454.8
16719.39,1935.1,4385.2
16994.22,1968.89,4468.59
16659.25,1928.21,4378.34
16544.1,1906.13,4276.24
16321.07,1874.74,4213.66
16315.19,1877.7,4227.17
16141.74,1862.49,4215.32
16117.24,1862.76,4217.39
16380.41,1886.76,4258.44
16399.67,1904.01,4316.07
16614.81,1941.28,4419.48
16461.32,1927.11,4382.85
16677.9,1950.82,4452.79
16805.41,1964.58,4483.72
16817.94,1961.63,4485.93
17005.75,1985.05,4564.29
16974.31,1982.3,4549.23
17195.42,1994.65,4566.14
17390.52,2018.05,4630.74
17366.24,2017.81,4638.91
17383.84,2012.1,4623.64
17484.53,2023.57,4620.72
17554.47,2031.21,4638.47
17573.93,2031.92,4632.53
17613.74,2038.26,4651.62
17614.9,2039.68,4660.56
17612.2,2038.25,4675.13
17652.79,2039.33,4680.14
17634.74,2039.82,4688.54
17647.75,2041.32,4671.0
17687.82,2051.8,4702.44
17685.73,2048.72,4675.71
17719.0,2052.75,4701.87
17810.06,2063.5,4712.97
17817.9,2069.41,4754.89
17814.94,2067.03,4758.25
17827.75,2072.83,4787.32
,,
17828.24,2067.56,4791.63
17776.8,2053.44,4727.35
17879.55,2066.55,4755.81
17912.62,2074.33,4774.47
17900.1,2071.92,4769.44
17958.79,2075.37,4780.76
17852.48,2060.31,4740.69
17801.2,2059.82,4766.47
17533.15,2026.14,4684.03
17596.34,2035.33,4708.16
17280.83,2002.33,4653.6
17180.84,1989.63,4605.16
17068.87,1972.74,4547.83
17356.87,2012.89,4644.31
17778.15,2061.23,4748.4
17804.8,2070.65,4765.38
17959.44,2078.54,4781.42
18024.17,2082.17,4765.42
18030.21,2081.88,4773.47
,,
18053.71,2088.77,4806.86
18038.23,2090.57,4806.91
17983.07,2080.35,4777.44
17823.07,2058.9,4736.05
,,
17832.99,2058.2,4726.81
17501.65,2020.58,4652.57
17371.64,2002.61,4592.74
17584.52,2025.9,4650.47
17907.87,2062.14,4736.19
17737.37,2044.81,4704.07
17640.84,2028.26,4664.71
17613.68,2023.03,4661.5
17427.09,2011.27,4639.32
17320.71,1992.67,4570.82
17511.57,2019.42,4634.38
,,
17515.23,2022.55,4654.85
17554.28,2032.12,4667.42
17813.98,2063.15,4750.4
17672.6,2051.82,4757.88
17678.7,2057.09,4771.76
17387.21,2029.55,4681.5
17191.37,2002.16,4637.99
17416.85,2021.25,4683.41
17164.95,1994.99,4635.24
17361.04,2020.85,4676.69
17666.4,2050.03,4727.74
17673.02,2041.51,4716.7
17884.88,2062.52,4765.1
17824.29,2055.47,4744.4
17729.21,2046.74,4726.01
17868.76,2068.59,4787.64
17862.14,2068.53,4801.18
17972.38,2088.48,4857.61
18019.35,2096.99,4893.84
,,
18047.58,2100.34,4899.27
18029.85,2099.68,4906.36
17985.77,2097.45,4924.7
18140.44,2110.3,4955.97
18116.84,2109.66,4960.97
18209.19,2115.48,4968.12
18224.57,2113.86,4967.14
18214.42,2110.74,4987.89
18132.7,2104.5,4963.53
18288.63,2117.39,5008.1
18203.37,2107.78,4979.9
18096.9,2098.53,4967.14
18135.72,2101.04,4982.81
17856.78,2071.26,4927.37
17995.72,2079.43,4942.44
17662.94,2044.16,4859.79
17635.39,2040.24,4849.94
17895.22,2065.95,4893.29
17749.31,2053.4,4871.76
17977.42,2081.19,4929.51
17849.08,2074.28,4937.43
18076.19,2099.5,4982.83
17959.03,2089.27,4992.38
18127.65,2108.1,5026.42
18116.04,2104.42,5010.97
18011.14,2091.5,4994.73
17718.54,2061.05,4876.52
17678.23,2056.15,4863.36
17712.66,2061.02,4891.22
17976.31,2086.24,4947.44
17776.12,2067.89,4900.89
17698.18,2059.69,4880.23
17763.24,2066.96,4886.94
,,
17880.85,2080.62,4917.32
17875.42,2076.33,4910.23
17902.51,2081.9,4950.82
17958.73,2091.18,4974.56
18057.65,2102.06,4995.98
17977.04,2092.43,4988.25
18036.7,2095.84,4977.29
18112.61,2106.63,5011.02
18105.77,2104.99,5007.79
17826.3,2081.18,4931.81
18034.93,2100.4,4994.6
17949.59,2097.29,5014.1
18038.27,2107.96,5035.17
18058.69,2112.93,5056.06
18080.14,2117.69,5092.08
18037.97,2108.92,5060.25
18110.14,2114.76,5055.42
18035.53,2106.85,5023.64
17840.52,2085.51,4941.42
18024.06,2108.29,5005.39
18070.4,2114.49,5016.93
17928.2,2089.46,4939.33
17841.98,2080.15,4919.64
17924.06,2088.0,4945.54
18191.11,2116.1,5003.55
18105.17,2105.33,4993.57
18068.23,2099.12,4976.19
18060.49,2098.48,4981.69
18252.24,2121.1,5050.8
18272.56,2122.73,5048.29
18298.88,2129.2,5078.44
18312.39,2127.83,5070.03
18285.4,2125.85,5071.74
18285.74,2130.82,5090.79
18232.02,2126.06,5089.36
,,
18041.54,2104.2,5032.75
18162.99,2123.48,5106.59
18126.12,2120.79,5097.98
18010.68,2107.39,5070.03
18040.37,2111.73,5082.93
18011.94,2109.6,5076.52
18076.27,2114.07,5099.23
17905.58,2095.84,5059.12
17849.46,2092.83,5068.46
17766.55,2079.28,5021.63
17764.04,2080.15,5013.87
18000.4,2105.2,5076.69
18039.37,2108.86,5082.51
17898.84,2094.11,5051.1
17791.17,2084.43,5029.97
17904.48,2096.29,5055.55
17935.74,2100.44,5064.88
18115.84,2121.24,5132.95
18015.95,2109.99,5117.0
18119.78,2122.85,5153.97
18144.07,2124.2,5160.09
17966.07,2108.58,5122.41
17890.36,2102.31,5112.19
17946.68,2101.49,5080.51
17596.35,2057.64,4958.47
17619.51,2063.11,4986.87
17757.91,2077.42,5013.12
17730.11,2076.78,5009.21
,,
17683.58,2068.76,4991.94
17776.91,2081.34,4997.46
17515.42,2046.68,4909.76
17548.62,2051.31,4922.4
17760.41,2076.62,4997.7
17977.68,2099.6,5071.51
18053.58,2108.95,5104.89
18050.17,2107.4,5098.94
18120.25,2124.29,5163.18
18086.45,2126.64,5210.14
18100.41,2128.28,5218.86
17919.29,2119.21,5208.12
17851.04,2114.15,5171.77
17731.92,2102.15,5146.41
17568.53,2079.65,5088.63
17440.59,2067.64,5039.78
17630.27,2093.25,5089.21
17751.39,2108.57,5111.73
17745.98,2108.63,5128.78
17689.86,2103.84,5128.28
17598.2,2098.04,5115.38
17550.69,2093.32,5105.55
17540.47,2099.84,5139.94
17419.75,2083.56,5056.44
17373.38,2077.57,5043.54
17615.17,2104.18,5101.8
17402.84,2084.07,5036.79
17402.51,2086.05,5044.39
17408.25,2083.39,5033.56
17477.4,2091.54,5048.24
17545.18,2102.44,5091.7
17511.34,2096.92,5059.35
17348.73,2079.61,5019.05
16990.69,2035.73,4877.49
16459.75,1970.89,4706.04
15871.35,1893.21,4526.25
15666.44,1867.61,4506.49
16285.51,1940.51,4697.54
16654.77,1987.66,4812.71
16643.01,1988.87,4828.32
16528.03,1972.18,4776.51
16058.35,1913.85,4636.11
16351.38,1948.86,4749.98
16374.76,1951.13,4733.5
16102.38,1921.22,4683.92
,,
16492.68,1969.41,4811.93
16253.57,1942.04,4756.53
16330.4,1952.29,4796.25
16433.09,1961.05,4822.34
16370.96,1953.03,4805.76
16599.85,1978.09,4860.52
16739.95,1995.31,4889.24
16674.74,1990.2,4893.95
16384.58,1958.03,4827.23
16510.19,1966.97,4828.95
16330.47,1942.74,4756.72
16279.89,1938.76,4752.74
16201.32,1932.24,4734.48
16314.67,1931.34,4686.5
16001.89,1881.77,4543.97
16049.13,1884.09,4517.32
16284.7,1920.03,4620.16
16272.01,1923.82,4627.08
16472.37,1951.36,4707.78
16776.43,1987.05,4781.26
16790.19,1979.92,4748.36
16912.29,1995.83,4791.15
17050.75,2013.43,4810.79
17084.49,2014.89,4830.47
17131.86,2017.46,4838.64
17081.89,2003.69,4796.61
16924.75,1994.24,4782.85
17141.75,2023.86,4870.1
17215.97,2033.11,4886.69
17230.54,2033.66,4905.47
17217.11,2030.77,4880.97
17168.61,2018.94,4840.12
17489.16,2052.51,4920.05
17646.7,2075.15,5031.86
17623.05,2071.18,5034.7
17581.43,2065.89,5030.15
17779.52,2090.35,5095.69
17755.8,2089.41,5074.27
17663.54,2079.36,5053.75
17828.76,2104.05,5127.15
17918.15,2109.79,5145.13
17867.58,2102.31,5142.48
17863.43,2099.93,5127.74
17910.33,2099.2,5147.12
17730.48,2078.58,5095.3
17758.21,2081.72,5083.24
17702.22,2075.0,5067.02
17448.07,2045.97,5005.08
17245.24,2023.04,4927.88
17483.01,2053.19,4984.62
17489.5,2050.44,4986.01
17737.16,2083.58,5075.2
17732.75,2081.24,5073.64
17823.81,2089.17,5104.92
17792.68,2086.59,5102.48
17812.19,2089.14,5102.81
17813.39,2088.87,5116.14
,,
17798.49,2090.11,5127.52
17719.92,2080.41,5108.67
17888.35,2102.63,5156.31
17729.68,2079.51,5123.22
17477.67,2049.62,5037.53
17847.63,2091.69,5142.27
17730.51,2077.07,5101.81
17568.0,2063.59,5098.24
17492.3,2047.62,5022.87
17574.75,2052.23,5045.17
17265.21,2012.37,4933.47
17368.5,2021.94,4952.23
17524.91,2043.41,4995.36
17749.09,2073.07,5071.13
17495.84,2041.89,5002.55
17128.55,2005.55,4923.08
17251.62,2021.15,4968.92
17417.27,2038.97,5001.11
17602.61,2064.29,5045.93
17552.17,2060.99,5048.49
,,
17528.27,2056.5,5040.99
17720.98,2078.36,5107.94
17603.87,2063.36,5065.85
17425.03,2043.94,5007.41
,,
17148.94,2012.66,4903.09
17158.66,2016.71,4891.43
16906.51,1990.26,4835.76
16514.1,1943.09,4689.43
16346.45,1922.03,4643.63
16398.57,1923.67,4637.99
16516.22,1938.68,4685.92
16151.41,1890.28,4526.06
16379.05,1921.84,4615.0
15988.08,1880.33,4488.42
,,
16016.02,1881.33,4476.95
15766.74,1859.33,4471.69
15882.68,1868.99,4472.06
16093.51,1906.9,4591.18
15885.22,1877.08,4518.49
16167.23,1903.63,4567.67
15944.46,1882.95,4468.17
16069.64,1893.36,4506.68
16466.3,1940.24,4613.95
16449.18,1939.38,4620.37
16153.54,1903.03,4516.95
16336.66,1912.53,4504.24
16416.58,1915.45,4509.56
16204.97,1880.05,4363.14
16027.05,1853.44,4283.75
16014.38,1852.21,4268.76
15914.74,1851.86,4283.59
15660.18,1829.08,4266.84
15973.84,1864.78,4337.51
,,
16196.41,1895.58,4435.96
16453.83,1926.82,4534.06
16413.43,1917.83,4487.54
16391.99,1917.78,4504.43
16620.66,1945.5,4570.61
16431.78,1921.27,4503.58
16484.99,1929.8,4542.61
16697.29,1951.7,4582.2
16639.97,1948.05,4590.47
16516.5,1932.23,4557.95
16865.08,1978.35,4689.6
16899.32,1986.45,4703.42
16943.9,1993.4,4707.42
17006.77,1999.99,4717.02
17073.95,2001.76,4708.25
16964.1,1979.26,4648.82
17000.36,1989.26,4674.38
16995.13,1989.57,4662.16
17213.31,2022.19,4748.47
17229.13,2019.64,4750.28
17251.53,2015.93,4728.67
17325.76,2027.22,4763.97
17481.49,2040.59,4774.99
17602.3,2049.58,4795.65
17623.87,2051.6,4808.87
17582.57,2049.8,4821.66
17502.59,2036.71,4768.86
17515.73,2035.94,4773.51
,,
17535.39,2037.05,4766.79
17633.11,2055.01,4846.62
17716.66,2063.95,4869.29
17685.09,2059.74,4869.85
17792.75,2072.78,4914.54
17737.0,2066.13,4891.8
17603.32,2045.17,4843.93
17716.05,2066.66,4920.72
17541.96,2041.91,4848.37
17576.96,2047.6,4850.69
17556.41,2041.99,4833.4
17721.25,2061.72,4872.09
17908.28,2082.42,4947.42
17926.43,2082.78,4945.89
17897.46,2080.73,4938.22
18004.16,2094.34,4960.02
18053.6,2100.8,4940.33
18096.27,2102.4,4948.13
17982.52,2091.48,4945.89
18003.75,2091.58,4906.23
17977.24,2087.79,4895.79
17990.32,2091.7,4888.28
18041.55,2095.15,4863.14
17830.76,2075.81,4805.29
17773.64,2065.3,4775.36
17891.16,2081.43,4817.59
17750.91,2063.37,4763.22
17651.26,2051.12,4725.64
17660.71,2050.63,4717.09
17740.63,2057.14,4736.16
17705.91,2058.69,4750.21
17928.35,2084.39,4809.88
17711.12,2064.46,4760.69
17720.5,2064.11,4737.33
17535.32,2046.61,4717.68
17710.71,2066.66,4775.46
17529.98,2047.21,4715.73
17526.62,2047.63,4739.12
17435.4,2040.04,4712.53
17500.94,2052.32,4769.56
17492.93,2048.04,4765.78
17706.05,2076.06,4861.06
17851.51,2090.54,4894.89
17828.29,2090.1,4901.77
17873.22,2099.06,4933.5
,,
17787.2,2096.96,4948.05
17789.67,2099.33,4952.25
17838.56,2105.26,4971.36
17807.06,2099.13,4942.52
17920.33,2109.41,4968.71
17938.28,2112.13,4961.75
18005.05,2119.12,4974.64
17985.19,2115.48,4958.62
17865.34,2096.07,4894.55
17732.48,2079.06,4848.44
17674.82,2075.32,4843.55
17640.17,2071.5,4834.93
17733.1,2077.99,4844.91
17675.16,2071.22,4800.34
17804.87,2083.25,4837.21
17829.73,2088.9,4843.76
17780.83,2085.45,4833.32
18011.07,2113.32,4910.04
17400.75,2037.41,4707.98
17140.24,2000.54,4594.44
17409.72,2036.09,4691.87
17694.68,2070.77,4779.25
17929.99,2098.86,4842.67
17949.37,2102.95,4862.57
,,
17840.62,2088.55,4822.9
17918.62,2099.73,4859.16
17895.88,2097.9,4876.81
18146.74,2129.9,4956.76
18226.93,2137.16,4988.64
18347.67,2152.14,5022.82
18372.12,2152.43,5005.73
18506.41,2163.75,5034.06
18516.55,2161.74,5029.59
18533.05,2166.89,5055.78
18559.01,2163.78,5036.37
18595.03,2173.02,5089.93
18517.23,2165.17,5073.9
18570.85,2175.03,5100.16
18493.06,2168.48,5097.63
18473.75,2169.18,5110.05
18472.17,2166.58,5139.81
18456.35,2170.06,5154.98
18432.24,2173.6,5162.13
18404.51,2170.84,5184.2
18313.77,2157.03,5137.73
18355.0,2163.79,5159.74
18352.05,2164.25,5166.25
18543.53,2182.87,5221.12
18529.29,2180.89,5213.14
18533.05,2181.74,5225.48
18495.66,2175.49,5204.58
18613.52,2185.79,5228.4
18576.47,2184.05,5232.89
18636.05,2190.15,5262.02
18552.02,2178.15,5227.11
18573.94,2182.22,5228.66
18597.7,2187.02,5240.15
18552.57,2183.87,5238.38
18529.42,2182.64,5244.6
18547.3,2186.9,5260.08
18481.48,2175.44,5217.69
18448.41,2172.47,5212.2
18395.4,2169.04,5218.92
18502.99,2180.38,5232.33
18454.3,2176.12,5222.99
18400.88,2170.95,5213.22
18419.3,2170.86,5227.21
18491.96,2179.98,5249.9
,,
18538.12,2186.48,5275.91
18526.14,2186.16,5283.93
18479.91,2181.3,5259.48
18085.45,2127.81,5125.91
18325.07,2159.04,5211.89
18066.75,2127.02,5155.25
18034.77,2125.77,5173.77
18212.48,2147.26,5249.69
18123.8,2139.16,5244.57
18120.17,2139.12,5235.03
18129.96,2139.76,5241.35
18293.7,2163.12,5295.18
18392.46,2177.18,5339.52
18261.45,2164.69,5305.75
18094.83,2146.1,5257.49
18228.3,2159.93,5305.71
18339.24,2171.37,5318.55
18143.45,2151.13,5269.15
18308.15,2168.27,5312.0
18253.85,2161.2,5300.87
18168.45,2150.49,5289.66
18281.03,2159.73,5316.02
18268.5,2160.77,5306.85
18240.49,2153.74,5292.4
18329.04,2163.66,5328.67
18128.66,2136.73,5246.79
18144.2,2139.18,5239.02
18098.94,2132.55,5213.33
18138.38,2132.98,5214.16
18086.4,2126.5,5199.82
18161.94,2139.6,5243.84
18202.62,2144.29,5246.41
18162.35,2141.34,5241.83
18145.71,2141.16,5257.4
18223.03,2151.33,5309.83
18169.27,2143.16,5283.4
18199.33,2139.43,5250.27
18169.68,2133.04,5215.97
18161.19,2126.41,5190.1
18142.42,2126.15,5189.13
18037.1,2111.72,5153.58
17959.64,2097.94,5105.57
17930.67,2088.66,5058.41
17888.28,2085.18,5046.37
18259.6,2131.52,5166.17
18332.74,2139.56,5193.49
18589.69,2163.26,5251.07
18807.88,2167.48,5208.8
18847.66,2164.45,5237.11
18868.69,2164.2,5218.4
18923.06,2180.39,5275.62
18868.14,2176.94,5294.58
18903.82,2187.12,5333.97
18867.93,2181.9,5321.51
18956.69,2198.18,5368.86
19023.87,2202.94,5386.35
19083.18,2204.72,5380.68
,,
19152.14,2213.35,5398.92
19097.9,2201.72,5368.81
19121.6,2204.66,5379.92
19123.58,2198.81,5323.68
19191.93,2191.08,5251.11
19170.42,2191.95,5255.65
19216.24,2204.71,5308.89
19251.78,2212.23,5333.0
19549.62,2241.35,5393.76
19614.81,2246.19,5417.36
19756.85,2259.53,5444.5
19796.43,2256.96,5412.54
19911.21,2271.72,5463.83
19792.53,2253.28,5436.67
19852.24,2262.03,5456.85
19843.41,2258.07,5437.16
19883.06,2262.53,5457.44
19974.62,2270.76,5483.94
19941.96,2265.18,5471.43
19918.88,2260.96,5447.42
19933.81,2263.79,5462.69
,,
19945.04,2268.88,5487.44
19833.68,2249.92,5438.56
19819.78,2249.26,5432.09
19762.6,2238.83,5383.12
,,
19881.76,2257.83,5429.08
19942.16,2270.75,5477.0
19899.29,2269.0,5487.94
19963.8,2276.98,5521.06
19887.38,2268.9,5531.82
19855.53,2268.9,5551.82
19954.28,2275.32,5563.65
19891.0,2270.44,5547.49
19885.73,2274.64,5574.12
,,
19826.77,2267.89,5538.73
19804.72,2271.89,5555.65
19732.4,2263.69,5540.08
19827.25,2271.31,5555.33
19799.85,2265.2,5552.94
19912.71,2280.07,5600.96
20068.51,2298.37,5656.34
20100.91,2296.68,5655.18
20093.78,2294.69,5660.78
19971.13,2280.9,5613.71
19864.09,2278.87,5614.79
19890.94,2279.55,5642.65
19884.91,2280.85,5636.2
20071.46,2297.42,5666.77
20052.42,2292.56,5663.55
20090.29,2293.08,5674.22
20054.34,2294.67,5682.45
20172.4,2307.87,5715.18
20269.37,2316.1,5734.13
20412.16,2328.25,5763.96
20504.41,2337.58,5782.57
20611.86,2349.25,5819.44
20619.77,2347.22,5814.9
20624.05,2351.16,5838.58
,,
20743.0,2365.38,5865.95
20775.6,2362.82,5860.63
20810.32,2363.81,5835.51
20821.76,2367.34,5845.31
20837.44,2369.75,5861.9
20812.24,2363.64,5825.44
21115.55,2395.96,5904.03
21002.97,2381.92,5861.22
21005.71,2383.12,5870.75
20954.34,2375.31,5849.17
20924.76,2368.39,5833.93
20855.73,2362.98,5837.55
20858.19,2364.87,5838.81
20902.98,2372.6,5861.73
20881.48,2373.47,5875.78
20837.37,2365.45,5856.82
20950.1,2385.26,5900.05
20934.55,2381.38,5900.76
20914.62,2378.25,5901.0
20905.86,2373.47,5901.53
20668.01,2344.02,5793.83
20661.3,2348.45,5821.64
20656.58,2345.96,5817.69
20596.72,2343.98,5828.74
20550.98,2341.59,5840.37
20701.5,2358.57,5875.14
20659.32,2361.13,5897.55
20728.49,2368.06,5914.34
20663.22,2362.72,5911.74
20650.21,2358.84,5894.68
20689.24,2360.16,5898.61
20648.15,2352.95,5864.48
20662.95,2357.49,5878.95
20656.1,2355.54,5877.81
20658.02,2357.16,5880.93
20651.3,2353.78,5866.77
20591.86,2344.93,5836.16
20453.25,2328.95,5805.15
,,
20636.92,2349.01,5856.79
20523.28,2342.19,5849.47
20404.49,2338.17,5863.03
20578.71,2355.84,5916.78
20547.76,2348.69,5910.52
20763.89,2374.15,5983.82
20996.12,2388.61,6025.49
20975.09,2387.45,6025.23
20981.33,2388.77,6048.94
20940.51,2384.2,6047.61
20913.46,2388.33,6091.6
20949.89,2391.17,6095.37
20957.9,2388.13,6072.55
20951.47,2389.52,6075.34
21006.94,2399.29,6100.76
21012.28,2399.38,6102.66
20975.78,2396.92,6120.59
20943.11,2399.63,6129.14
20919.42,2394.44,6115.96
20896.61,2390.9,6121.23
20981.94,2402.32,6149.67
20979.75,2400.67,6169.87
20606.93,2357.03,6011.24
20663.02,2365.72,6055.13
20804.84,2381.73,6083.7
20894.83,2394.02,6133.62
20937.91,2398.42,6138.71
21012.42,2404.39,6163.02
21082.95,2415.07,6205.26
21080.28,2415.82,6210.19
,,
21029.47,2412.91,6203.19
21008.65,2411.8,6198.52
21144.18,2430.06,6246.83
21206.29,2439.07,6305.8
21184.04,2436.1,6295.68
21136.23,2429.33,6275.06
21173.69,2433.14,6297.38
21182.53,2433.79,6321.76
21271.97,2431.77,6207.92
21235.67,2429.39,6175.46
21328.47,2440.35,6220.37
21374.56,2437.92,6194.89
21359.9,2432.46,6165.5
21384.28,2433.15,6151.76
21528.99,2453.46,6239.01
21467.14,2437.03,6188.03
21410.03,2435.61,6233.95
21397.29,2434.5,6236.69
21394.76,2438.3,6265.25
21409.55,2439.07,6247.15
21310.66,2419.38,6146.62
21454.61,2440.69,6234.41
21287.03,2419.7,6144.35
21349.63,2423.41,6140.42
21479.27,2429.01,6110.06
,,
21478.17,2432.54,6150.86
21320.04,2409.75,6089.46
21414.34,2425.18,6153.08
21408.52,2427.43,6176.39
21409.07,2425.53,6193.3
21532.14,2443.25,6261.17
21553.09,2447.83,6274.44
21637.74,2459.27,6312.47
21629.72,2459.14,6314.43
21574.73,2460.61,6344.31
21640.75,2473.83,6385.04
21611.78,2473.45,6390.0
21580.07,2472.54,6387.75
21513.17,2469.91,6410.81
21613.43,2477.13,6412.17
21711.01,2477.83,6422.75
21796.55,2475.42,6382.19
21830.31,2472.1,6374.68
21891.12,2470.3,6348.12
21963.92,2476.35,6362.94
22016.24,2477.57,6362.65
22026.1,2472.16,6340.34
22092.81,2476.83,6351.56
22118.42,2480.91,6383.77
22085.34,2474.92,6370.46
22048.7,2474.02,6352.33
21844.01,2438.21,6216.87
21858.32,2441.32,6256.56
21993.71,2465.84,6340.23
21998.99,2464.61,6333.01
22024.87,2468.11,6345.11
21750.73,2430.01,6221.91
21674.51,2425.55,6216.53
21703.75,2428.37,6213.13
21899.89,2452.51,6297.48
21812.09,2444.04,6278.41
21783.4,2438.97,6271.33
21813.67,2443.05,6265.64
21808.4,2444.24,6283.02
21865.37,2446.3,6301.89
21892.43,2457.59,6368.31
21948.1,2471.65,6428.66
21987.56,2476.55,6435.33
,,
21753.31,2457.85,6375.57
21807.64,2465.54,6393.31
21784.78,2465.1,6397.87
21797.79,2461.43,6360.19
22057.37,2488.11,6432.26
22118.86,2496.48,6454.28
22158.18,2498.37,6460.19
22203.48,2495.62,6429.08
22268.34,2500.23,6448.47
22331.35,2503.87,6454.64
22370.8,2506.65,6461.32
22412.59,2508.24,6456.04
22359.23,2500.6,6422.69
22349.59,2502.22,6426.92
22296.09,2496.66,6370.59
22284.32,2496.84,6380.16
22340.71,2507.04,6453.26
22381.2,2510.06,6453.45
22405.09,2519.36,6495.96
22557.6,2529.12,6516.72
22641.67,2534.58,6531.71
22661.64,2537.74,6534.63
22775.39,2552.07,6585.36
22773.67,2549.33,6590.18
22761.07,2544.73,6579.73
22830.68,2550.64,6587.25
22872.89,2555.24,6603.55
22841.01,2550.93,6591.51
22871.72,2553.17,6605.8
22956.96,2557.64,6624.0
22997.44,2559.36,6623.66
23157.6,2561.26,6624.22
23163.04,2562.1,6605.07
23328.63,2575.21,6629.05
23273.96,2564.98,6586.83
23441.76,2569.13,6598.43
23329.46,2557.15,6563.89
23400.86,2560.4,6556.77
23434.19,2581.07,6701.26
23348.74,2572.83,6698.96
23377.24,2575.26,6727.67
23435.01,2579.36,6716.53
23516.26,2579.85,6714.94
23539.19,2587.84,6764.44
23548.42,2591.13,6786.44
23557.23,2590.64,6767.78
23563.36,2594.38,6789.12
23461.94,2584.62,6750.05
23422.21,2582.3,6750.94
23439.7,2584.84,6757.6
23409.47,2578.87,6737.87
23271.28,2564.62,6706.21
23458.36,2585.64,6793.29
23358.24,2578.85,6782.79
23430.33,2582.14,6790.71
23590.83,2599.03,6862.48
23526.18,2597.08,6867.36
,,
23557.99,2602.42,6889.16
23580.78,2601.42,6878.52
23836.71,2627.04,6912.36
23940.68,2626.07,6824.39
24272.35,2647.58,6873.97
24231.59,2642.22,6847.59
24290.05,2639.44,6775.37
24180.64,2629.57,6762.21
24140.91,2629.27,6776.38
24211.48,2636.98,6812.84
24329.16,2651.5,6840.08
24386.03,2659.99,6875.08
24504.8,2664.11,6862.32
24585.43,2662.85,6875.8
24508.66,2652.01,6856.53
24651.74,2675.81,6936.58
24792.2,2690.16,6994.76
24754.75,2681.47,6963.85
24726.65,2679.25,6960.96
24782.29,2684.57,6965.36
24754.06,2683.34,6959.96
,,
24746.21,2680.5,6936.25
24774.3,2682.62,6939.34
24837.51,2687.54,6950.16
24719.22,2673.61,6903.39
,,
24824.01,2695.81,7006.9
24922.68,2713.06,7065.53
25075.13,2723.99,7077.91
25295.87,2743.15,7136.56
25283.0,2747.71,7157.39
25385.8,2751.29,7163.58
25369.13,2748.23,7153.57
25574.73,2767.56,7211.78
25803.19,2786.24,7261.06
,,
25792.86,2776.42,7223.69
26115.65,2802.56,7298.28
26017.81,2798.03,7296.05
26071.72,2810.3,7336.38
26214.6,2832.97,7408.03
26210.81,2839.13,7460.29
26252.12,2837.54,7415.06
26392.79,2839.25,7411.16
26616.71,2872.87,7505.77
26439.48,2853.53,7466.51
26076.89,2822.43,7402.48
26149.39,2823.81,7411.48
26186.71,2821.98,7385.86
25520.96,2762.13,7240.95
24345.75,2648.94,6967.53
24912.77,2695.14,7115.88
24893.35,2681.66,7051.98
23860.46,2581.0,6777.16
24190.9,2619.55,6874.49
24601.27,2656.0,6981.96
24640.45,2662.94,7013.51
24893.49,2698.63,7143.62
25200.37,2731.2,7256.43
25219.38,2732.22,7239.47
,,
24964.75,2716.26,7234.31
24797.78,2701.33,7218.23
24962.48,2703.96,7210.09
25309.99,2747.3,7337.39
25709.27,2779.6,7421.46
25410.03,2744.28,7330.35
25029.2,2713.83,7273.01
24608.98,2677.67,7180.56
24538.06,2691.25,7257.87
24874.76,2720.94,7330.7
24884.12,2728.12,7372.01
24801.36,2726.8,7396.65
24895.21,2738.97,7427.95
25335.74,2786.57,7560.81
25178.61,2783.02,7588.32
25007.03,2765.31,7511.01
24758.12,2749.48,7496.81
24873.66,2747.33,7481.74
24946.51,2752.01,7481.99
24610.91,2712.92,7344.24
24727.27,2716.94,7364.3
24682.31,2711.93,7345.29
23957.89,2643.69,7166.68
23533.2,2588.26,6992.67
24202.6,2658.55,7220.54
23857.71,2612.62,7008.81
23848.42,2605.0,6949.23
24103.11,2640.87,7063.44
,,
23644.19,2581.88,6870.12
24033.36,2614.45,6941.28
24264.3,2644.69,7042.105
24505.22,2662.84,7076.551
23932.76,2604.47,6915.109
23979.1,2613.16,6950.344
24408.0,2656.87,7094.301
24189.45,2642.19,7069.027
24483.05,2663.99,7140.246
24360.14,2656.3,7106.648
24573.04,2677.84,7156.285
24786.63,2706.39,7281.098
24748.07,2708.64,7295.234
24664.89,2693.13,7238.055
24462.94,2670.14,7146.125
24448.69,2670.29,7128.602
24024.13,2634.56,7007.352
24083.83,2639.4,7003.738
24322.34,2666.94,7118.676
24311.19,2669.91,7119.801
24163.15,2648.05,7066.266
24099.05,2654.8,7130.703
23924.98,2635.67,7100.898
23930.15,2629.73,7088.152
24262.51,2663.42,7209.617
24357.32,2672.63,7265.211
24360.21,2671.92,7266.902
24542.54,2697.79,7339.906
24739.53,2723.07,7404.977
24831.17,2727.72,7402.883
24899.41,2730.13,7411.316
24706.41,2711.45,7351.629
24768.93,2722.46,7398.297
24713.98,2720.13,7382.473
24715.09,2712.97,7354.34
25013.29,2733.01,7394.035
24834.41,2724.44,7378.457
24886.81,2733.29,7425.957
24811.76,2727.76,7424.43
24753.09,2721.33,7433.855
,,
24361.45,2689.86,7396.594
24667.78,2724.01,7462.453
24415.84,2705.27,7442.117
24635.21,2734.62,7554.332
24813.69,2746.87,7606.461
24799.98,2748.8,7637.863
25146.39,2772.35,7689.242
25241.41,2770.37,7635.07
25316.53,2779.03,7645.512
25322.31,2782.0,7659.926
25320.73,2786.85,7703.793
25201.2,2775.63,7695.699
25175.31,2782.49,7761.043
25090.48,2779.66,7746.379
24987.47,2773.75,7747.023
24700.21,2762.59,7725.586
24657.8,2767.32,7781.516
24461.7,2749.76,7712.953
24580.89,2754.88,7692.816
24252.8,2717.07,7532.008
24283.11,2723.06,7561.625
24117.59,2699.63,7445.086
24216.05,2716.31,7503.684
24271.41,2718.37,7510.305
24307.18,2726.71,7567.688
24174.82,2713.22,7502.672
,,
24356.74,2736.61,7586.426
24456.48,2759.82,7688.387
24776.59,2784.17,7756.203
24919.66,2793.84,7759.199
24700.45,2774.02,7716.613
24924.89,2798.29,7823.914
25019.41,2801.31,7825.977
25064.36,2798.43,7805.719
25119.89,2809.55,7855.117
25199.29,2815.62,7854.445
25064.5,2804.49,7825.297
25058.12,2801.83,7820.199
25044.29,2806.98,7841.871
25241.94,2820.4,7840.766
25414.1,2846.07,7932.238
25527.07,2837.44,7852.184
25451.06,2818.82,7737.418
25306.83,2802.6,7630.004
25415.19,2816.29,7671.789
25333.82,2813.36,7707.285
25326.16,2827.22,7802.684
25462.58,2840.35,7812.01
25502.18,2850.4,7859.68
25628.91,2858.45,7883.66
25583.75,2857.7,7888.33
25509.23,2853.58,7891.78
25313.14,2833.28,7839.11
25187.7,2821.93,7819.71
25299.92,2839.96,7870.89
25162.41,2818.37,7774.12
25558.73,2840.69,7806.52
25669.32,2850.13,7816.33
25758.69,2857.05,7821.01
25822.29,2862.96,7859.17
25733.6,2861.82,7889.1
25656.98,2856.98,7878.46
25790.35,2874.69,7945.98
26049.64,2896.74,8017.9
26064.02,2897.52,8030.04
26124.57,2914.04,8109.69
25986.92,2901.13,8088.36
25964.82,2901.52,8109.54
,,
25952.48,2896.72,8091.25
25974.99,2888.6,7995.17
25995.87,2878.05,7922.73
25916.54,2871.68,7902.54
25857.07,2877.13,7924.16
25971.06,2887.89,7972.47
25998.92,2888.92,7954.23
26145.99,2904.18,8013.71
26154.67,2904.98,8010.04
26062.12,2888.8,7895.79
26246.96,2904.31,7956.11
26405.76,2907.95,7950.04
26656.98,2930.75,8028.23
26743.5,2929.67,7986.96
26562.05,2919.37,7993.25
26492.21,2915.56,8007.47
26385.28,2905.97,7990.37
26439.93,2914.0,8041.97
26458.31,2913.98,8046.35
26651.21,2924.59,8037.3
26773.94,2923.43,7999.55
26828.39,2925.51,8025.09
26627.48,2901.61,7879.51
26447.05,2885.57,7788.45
26486.78,2884.43,7735.95
26430.57,2880.34,7738.02
25598.74,2785.68,7422.05
25052.83,2728.37,7329.06
25339.99,2767.13,7496.89
25250.55,2750.79,7430.74
25798.42,2809.92,7645.49
25706.68,2809.21,7642.7
25379.45,2768.78,7485.14
25444.34,2767.78,7449.03
25317.41,2755.88,7468.63
25191.43,2740.69,7437.54
24583.42,2656.1,7108.4
24984.55,2705.57,7318.34
24688.31,2658.69,7167.21
24442.92,2641.25,7050.29
24874.64,2682.63,7161.65
25115.76,2711.74,7305.9
25380.74,2740.37,7434.06
25270.83,2723.06,7356.99
25461.7,2738.31,7328.85
25635.01,2755.45,7375.96
26180.3,2813.89,7570.75
26191.22,2806.83,7530.88
25989.3,2781.01,7406.9
25387.18,2726.22,7200.87
25286.49,2722.18,7200.87
25080.5,2701.58,7136.39
25289.27,2730.2,7259.03
25413.22,2736.27,7247.87
25017.44,2690.73,7028.48
24465.64,2641.89,6908.82
24464.69,2649.93,6972.25
,,
24285.95,2632.56,6938.98
24640.24,2673.45,7081.85
24748.73,2682.17,7082.7
25366.43,2743.79,7291.59
25338.84,2737.76,7273.08
25538.46,2760.17,7330.54
25826.43,2790.37,7441.51
25027.07,2700.06,7158.43
,,
24947.67,2695.95,7188.26
24388.95,2633.08,6969.25
24423.26,2637.72,7020.52
24370.24,2636.78,7031.83
24527.27,2651.07,7098.31
24597.38,2650.54,7070.33
24100.51,2599.95,6910.66
23592.98,2545.94,6753.73
23675.64,2546.16,6783.91
23323.66,2506.96,6636.83
22859.6,2467.42,6528.41
22445.37,2416.62,6332.99
21792.2,2351.1,6192.92
,,
22878.45,2467.7,6554.36
23138.82,2488.83,6579.49
23062.4,2485.74,6584.52
23327.46,2506.85,6635.28
,,
23346.24,2510.03,6665.94
22686.22,2447.89,6463.5
23433.16,2531.94,6738.86
23531.35,2549.69,6823.47
23787.45,2574.41,6897.0
23879.12,2584.96,6957.08
24001.92,2596.64,6986.07
23995.95,2596.26,6971.48
23909.84,2582.61,6905.92
24065.59,2610.3,7023.83
24207.16,2616.1,7034.69
24370.1,2635.96,7084.46
24706.35,2670.71,7157.23
,,
24404.48,2632.9,7020.36
24575.62,2638.7,7025.77
24553.24,2642.33,7073.46
24737.2,2664.76,7164.86
24528.22,2643.85,7085.68
24579.96,2640.0,7028.29
25014.86,2681.05,7183.08
24999.67,2704.1,7281.74
25063.89,2706.53,7263.87
25239.37,2724.87,7347.54
25411.52,2737.7,7402.08
25390.3,2731.61,7375.28
25169.53,2706.05,7288.35
25106.33,2707.88,7298.2
25053.11,2709.8,7307.9
25425.76,2744.73,7414.62
25543.27,2753.03,7420.38
25439.39,2745.73,7426.95
25883.25,2775.6,7472.41
,,
25891.32,2779.76,7486.77
25954.44,2784.7,7489.07
25850.63,2774.88,7459.71
26031.81,2792.67,7527.54
26091.95,2796.11,7554.46
26057.98,2793.9,7549.3
25985.16,2792.38,7554.51
25916.0,2784.49,7532.53
26026.32,2803.69,7595.35
25819.65,2792.81,7577.57
25806.63,2789.65,7576.36
25673.46,2771.45,7505.92
25473.23,2748.93,7421.46
25450.24,2743.07,7408.14
25650.88,2783.3,7558.06
25554.66,2791.52,7591.03
25702.89,2810.92,7643.41
25709.94,2808.48,7630.91
25848.87,2822.48,7688.53
25914.1,2832.94,7714.48
25887.38,2832.57,7723.95
25745.67,2824.23,7728.97
25962.51,2854.88,7838.96
25502.32,2800.71,7642.67
25516.83,2798.36,7637.54
25657.73,2818.46,7691.52
25625.59,2805.37,7643.38
25717.46,2815.44,7669.17
25928.68,2834.4,7729.32
26258.42,2867.19,7828.91
26179.13,2867.24,7848.69
26218.13,2873.4,7895.55
26384.63,2879.39,7891.78
26424.99,2892.74,7938.69
26341.02,2895.77,7953.88
26150.58,2878.2,7909.28
26157.16,2888.21,7964.24
26143.05,2888.32,7947.36
26412.3,2907.41,7984.16
26384.77,2905.58,7976.01
26452.66,2907.06,8000.23
26449.54,2900.45,7996.08
26559.54,2905.03,7998.06
,,7998.063
26511.05,2907.97,8015.27
26656.39,2933.68,8120.82
26597.05,2927.25,8102.01
26462.08,2926.17,8118.68
26543.33,2939.88,8146.4
26554.39,2943.03,8161.85
26592.91,2945.83,8095.39
26430.14,2923.73,8049.64
26307.79,2917.52,8036.77
26504.95,2945.64,8164.0
26438.48,2932.47,8123.29
25965.09,2884.05,7963.76
25967.33,2879.42,7943.32
25828.36,2870.72,7910.59
25942.37,2881.4,7916.94
25324.99,2811.87,7647.02
25532.05,2834.41,7734.49
25648.02,2850.96,7822.15
25862.68,2876.32,7898.05
25764.0,2859.53,7816.28
25679.9,2840.23,7702.38
25877.33,2864.36,7785.72
25776.61,2856.27,7750.84
25490.47,2822.24,7628.28
25585.69,2826.06,7637.01
,,
25347.77,2802.39,7607.35
25126.41,2783.02,7547.31
25169.88,2788.86,7567.72
24815.04,2752.06,7453.15
24819.78,2744.45,7333.02
25332.18,2803.27,7527.12
25539.57,2826.15,7575.48
25720.66,2843.49,7615.55
25983.94,2873.34,7742.1
26062.68,2886.73,7823.17
26048.51,2885.72,7822.57
26004.83,2879.84,7792.72
26106.77,2891.64,7837.13
26089.61,2886.98,7796.66
26112.53,2889.67,7845.02
26465.54,2917.75,7953.88
26504.0,2926.46,7987.32
26753.17,2954.18,8051.34
26719.13,2950.46,8031.71
26727.54,2945.35,8005.7
26548.22,2917.38,7884.72
26536.82,2913.78,7909.97
26526.58,2924.92,7967.76
26599.96,2941.76,8006.24
26717.43,2964.33,8091.16
26786.68,2973.01,8109.09
26966.0,2995.82,8170.23
,,
26922.12,2990.41,8161.79
26806.14,2975.95,8098.38
26783.49,2979.63,8141.73
26860.2,2993.07,8202.53
27088.08,2999.91,8196.04
27332.03,3013.77,8244.14
27359.16,3014.3,8258.19
27335.63,3004.04,8222.8
27219.85,2984.42,8185.21
27222.97,2995.11,8207.24
27154.2,2976.61,8146.49
27171.9,2985.03,8204.14
27349.19,3005.47,8251.4
27269.97,3019.56,8321.5
27140.98,3003.67,8238.54
27192.45,3025.86,8330.21
27221.35,3020.97,8293.33
27198.02,3013.18,8273.61
26864.27,2980.38,8175.42
26583.42,2953.56,8111.12
26485.01,2932.05,8004.07
25717.74,2844.74,7726.04
26029.52,2881.77,7833.27
26007.07,2883.98,7862.83
26378.19,2938.09,8039.16
26287.44,2918.65,7959.14
25907.37,2883.75,7863.41
26279.91,2926.32,8016.36
25479.42,2840.6,7773.94
25579.39,2847.6,7766.62
25886.01,2888.68,7895.99
26135.79,2923.65,8002.81
25962.44,2900.51,7948.56
26202.73,2924.43,8020.21
26252.24,2922.95,7991.39
25628.9,2847.11,7751.77
25898.83,2878.38,7853.74
25777.9,2869.16,7826.95
26036.1,2887.94,7856.88
26362.25,2924.58,7973.39
26403.28,2926.46,7962.88
,,
26118.02,2906.27,7874.16
26355.47,2937.78,7976.88
26728.15,2976.0,8116.83
26797.46,2978.71,8103.07
26835.51,2978.43,8087.44
26909.43,2979.39,8084.16
27137.04,3000.93,8169.68
27182.45,3009.57,8194.47
27219.52,3007.39,8176.71
27076.82,2997.96,8153.54
27110.8,3005.7,8186.02
27147.08,3006.73,8177.39
27094.79,3006.79,8182.88
26935.07,2992.07,8117.67
26949.99,2991.78,8112.46
26807.77,2966.6,7993.63
26970.71,2984.87,8077.38
26891.12,2977.62,8030.66
26820.25,2961.79,7939.63
26916.83,2976.74,7999.34
26573.04,2940.25,7908.68
26078.62,2887.61,7785.25
26201.04,2910.63,7872.26
26573.72,2952.01,7982.47
26478.02,2938.79,7956.29
26164.04,2893.06,7823.78
26346.01,2919.4,7903.74
26496.67,2938.13,7950.78
26816.59,2970.27,8057.04
26787.36,2966.15,8048.65
27024.8,2995.68,8148.71
27001.98,2989.69,8124.18
27025.88,2997.95,8156.85
26770.2,2986.2,8089.54
26827.64,3006.72,8162.99
26788.1,2995.99,8104.3
26833.95,3004.52,8119.79
26805.53,3010.29,8185.8
26958.06,3022.55,8243.12
27090.72,3039.42,8325.99
27071.42,3036.89,8276.85
27186.69,3046.77,8303.98
27046.23,3037.56,8292.36
27347.36,3066.91,8386.4
27462.11,3078.27,8433.2
27492.63,3074.62,8434.68
27492.56,3076.78,8410.63
27674.8,3085.18,8434.52
27681.24,3093.08,8475.31
27691.49,3087.01,8464.28
27691.49,3091.84,8486.09
27783.59,3094.04,8482.1
27781.96,3096.63,8479.02
28004.89,3120.46,8540.83
28036.22,3122.03,8549.94
27934.02,3120.18,8570.66
27821.09,3108.46,8526.73
27766.29,3103.54,8506.21
27875.62,3110.29,8519.88
28066.47,3133.64,8632.49
28121.68,3140.52,8647.93
28164.0,3153.63,8705.18
,,
28051.41,3140.98,8665.47
27783.04,3113.87,8567.99
27502.81,3093.2,8520.64
27649.78,3112.76,8566.67
27677.79,3117.43,8570.7
28015.06,3145.91,8656.53
27909.6,3135.96,8621.83
27881.72,3132.52,8616.18
27911.3,3141.63,8654.05
28132.05,3168.57,8717.32
28135.38,3168.8,8734.88
28235.89,3191.45,8814.23
28267.16,3192.52,8823.36
28239.28,3191.14,8827.73
28376.96,3205.37,8887.22
28455.09,3221.22,8924.96
28551.53,3224.01,8945.65
28515.45,3223.38,8952.88
,,
28621.39,3239.91,9022.39
28645.26,3240.02,9006.62
28462.14,3221.29,8945.99
28538.44,3230.78,8972.6
,,
28868.8,3257.85,9092.19
28634.88,3234.85,9020.77
28703.38,3246.28,9071.46
28583.68,3237.18,9068.58
28745.09,3253.05,9129.24
28956.9,3274.7,9203.43
28823.77,3265.35,9178.86
28907.05,3288.13,9273.93
28939.67,3283.15,9251.33
29030.22,3289.29,9258.7
29297.64,3316.81,9357.13
29348.1,3329.62,9388.94
,,
29196.04,3320.79,9370.81
29186.27,3321.75,9383.77
29160.09,3325.54,9402.48
28989.73,3295.47,9314.91
28535.8,3243.63,9139.31
28722.85,3276.24,9269.68
28734.45,3273.4,9275.16
28859.44,3283.66,9298.93
28256.03,3225.52,9150.94
28399.81,3248.92,9273.4
28807.63,3297.59,9467.97
29290.85,3334.69,9508.68
29379.77,3345.78,9572.15
29102.51,3327.71,9520.51
29276.82,3352.09,9628.39
29276.34,3357.75,9638.94
29551.42,3379.45,9725.96
29423.31,3373.94,9711.97
29398.08,3380.16,9731.18
,,
29232.19,3370.29,9732.74
29348.03,3386.15,9817.18
29219.98,3373.23,9750.96
28992.41,3337.75,9576.59
27960.8,3225.89,9221.28
27081.36,3128.21,8965.61
26957.59,3116.39,8980.77
25766.64,2978.76,8566.48
25409.36,2954.22,8567.37
26703.32,3090.23,8952.16
25917.41,3003.37,8684.09
27090.86,3130.12,9018.09
26121.28,3023.94,8738.6
25864.78,2972.37,8575.62
23851.02,2746.56,7950.68
25018.16,2882.23,8344.25
23553.22,2741.38,7952.05
21200.62,2480.64,7201.8
23185.62,2711.02,7874.88
20188.52,2386.13,6904.59
21237.38,2529.19,7334.78
19898.92,2398.1,6989.84
20087.19,2409.39,7150.58
19173.98,2304.92,6879.52
18591.93,2237.4,6860.67
20704.91,2447.33,7417.86
21200.55,2475.56,7384.3
22552.17,2630.07,7797.54
21636.78,2541.47,7502.38
22327.48,2626.65,7774.15
21917.16,2584.59,7700.1
20943.51,2470.5,7360.58
21413.44,2526.9,7487.31
21052.53,2488.65,7373.08
22679.99,2663.68,7913.24
22653.86,2659.41,7887.26
23433.57,2749.98,8090.9
23719.37,2789.82,8153.58
,,
23390.77,2761.63,8192.42
23949.76,2846.06,8515.74
23504.35,2783.36,8393.18
23537.68,2799.55,8532.36
24242.49,2874.56,8650.14
23650.44,2823.16,8560.73
23018.88,2736.56,8263.23
23475.82,2799.31,8495.38
23515.26,2797.8,8494.75
23775.27,2836.74,8634.52
24133.78,2878.48,8730.16
24101.55,2863.39,8607.73
24633.86,2939.51,8914.71
24345.72,2912.43,8889.55
23723.69,2830.71,8604.95
23749.76,2842.74,8710.71
23883.09,2868.44,8809.12
23664.64,2848.42,8854.39
23875.89,2881.19,8979.66
24331.32,2929.8,9121.32
24221.99,2930.32,9192.34
23764.78,2870.12,9002.55
23247.97,2820.0,8863.17
23625.34,2852.5,8943.72
23685.42,2863.7,9014.56
24597.37,2953.91,9234.83
24206.86,2922.94,9185.1
24575.9,2971.61,9375.78
24474.12,2948.51,9284.88
24465.16,2955.45,9324.59
,,
24995.11,2991.77,9340.22
25548.27,3036.13,9412.36
25400.64,3029.73,9368.99
25383.11,3044.31,9489.87
25475.02,3055.73,9552.05
25742.65,3080.82,9608.37
26269.89,3122.87,9682.91
26281.82,3112.35,9615.81
27110.98,3193.93,9814.08
27572.44,3232.39,9924.74
27272.3,3207.18,9953.75
26989.99,3190.14,10020.35
25128.17,3002.1,9492.73
25605.54,3041.31,9588.81
25763.16,3066.59,9726.02
26289.98,3124.74,9895.87
26119.61,3113.49,9910.53
26080.1,3115.34,9943.05
25871.46,3097.74,9946.12
26024.96,3117.86,10056.47
26156.1,3131.29,10131.37
25445.94,3050.33,9909.17
25745.6,3083.76,10017.0
25015.55,3009.05,9757.22
25595.8,3053.24,9874.15
25812.88,3100.29,10058.77
25734.97,3115.86,10154.63
25827.36,3130.01,10207.63
,,
26287.03,3179.72,10433.65
25890.18,3145.32,10343.89
26067.28,3169.94,10492.5
25706.09,3152.05,10547.75
26075.3,3185.04,10617.44
26085.8,3155.22,10390.84
26642.59,3197.52,10488.58
26870.1,3226.56,10550.49
26734.71,3215.57,10473.83
26671.95,3224.73,10503.19
26680.87,3251.84,10767.09
26840.4,3257.3,10680.36
27005.84,3276.02,10706.13
26652.33,3235.66,10461.42
26469.89,3215.63,10363.18
26584.77,3239.41,10536.27
26379.28,3218.44,10402.09
26539.57,3258.44,10542.94
26313.65,3246.22,10587.81
26428.32,3271.12,10745.27
26664.4,3294.61,10902.8
26828.47,3306.51,10941.17
27201.52,3327.77,10998.4
27386.98,3349.16,11108.07
27433.48,3351.28,11010.98
27791.44,3360.47,10968.36
27686.91,3333.69,10782.82
27976.84,3380.35,11012.24
27896.72,3373.43,11042.5
27931.02,3372.85,11019.3
27844.91,3381.99,11129.73
27778.07,3389.78,11210.84
27692.88,3374.85,11146.46
27739.73,3385.51,11264.95
27930.33,3397.16,11311.8
28308.46,3431.28,11379.72
28248.44,3443.62,11466.47
28331.92,3478.73,11665.06
28492.27,3484.55,11625.34
28653.87,3508.01,11695.63
28430.05,3500.31,11775.46
28645.66,3526.65,11939.67
29100.5,3580.84,12056.44
28292.73,3455.06,11458.1
28133.31,3426.96,11313.13
,,
27500.89,3331.84,10847.69
27940.47,3398.96,11141.56
27534.58,3339.19,10919.59
27665.64,3340.97,10853.55
27993.33,3383.54,11056.65
27995.6,3401.2,11190.32
28032.38,3385.49,11050.47
27901.98,3357.01,10910.28
27657.42,3319.47,10793.28
27147.7,3281.06,10778.8
27288.18,3315.57,10963.64
26763.13,3236.92,10632.99
26815.44,3246.59,10672.27
27173.96,3298.46,10913.56
27584.06,3351.6,11117.52
27452.66,3335.47,11085.25
27781.7,3363.0,11167.51
27816.9,3380.8,11326.51
27682.81,3348.44,11075.02
28148.64,3408.63,11332.49
27772.76,3360.95,11154.6
28303.46,3419.45,11364.6
28425.51,3446.83,11420.98
28586.9,3477.13,11579.94
28837.52,3534.22,11876.26
28679.81,3511.93,11863.9
28514.0,3488.67,11768.73
28494.2,3483.34,11713.87
28606.31,3483.81,11671.56
28195.42,3426.92,11478.88
28308.79,3443.12,11516.49
28210.82,3435.56,11484.69
28363.66,3453.49,11506.01
28335.57,3465.39,11548.28
27685.38,3400.97,11358.94
27463.19,3390.68,11431.35
26519.95,3271.03,11004.87
26659.11,3310.11,11185.59
26501.6,3269.96,10911.59
26925.05,3310.24,10957.61
27480.03,3369.16,11160.57
27847.66,3443.44,11590.78
28390.18,3510.45,11890.93
28323.4,3509.44,11895.23
29157.97,3550.5,11713.78
29420.92,3545.53,11553.86
29397.63,3572.66,11786.43
29080.17,3537.01,11709.59
29479.81,3585.15,11829.29
29950.44,3626.91,11924.13
29783.35,3609.53,11899.34
29438.42,3567.79,11801.6
29483.23,3581.87,11904.71
29263.48,3557.54,11854.97
29591.27,3577.59,11881.17
30046.24,3635.41,12037.33
29872.47,3629.65,12094.4
,,
29910.37,3638.35,12205.85
29638.64,3621.63,12198.74
29823.92,3662.45,12355.11
29883.79,3669.01,12349.37
29969.52,3666.72,12377.18
30218.26,3699.12,12464.23
30069.79,3691.96,12519.95
30173.88,3702.25,12582.77
30068.81,3672.82,12338.95
29999.26,3668.1,12405.81
30046.37,3663.46,12377.87
29861.55,3647.49,12440.04
30199.31,3694.62,12595.06
30154.54,3701.17,12658.19
30303.37,3722.48,12764.75
30179.05,3709.41,12755.64
30216.45,3694.92,12742.52
30015.51,3687.26,12807.92
30129.83,3690.01,12771.11
30199.87,3703.06,12804.73
,,
30403.97,3735.36,12899.42
30335.67,3727.04,12850.22
30409.56,3732.04,12870.0
30606.48,3756.07,12888.28
,,
30223.89,3700.65,12698.45
30391.6,3726.86,12818.96
30829.4,3748.14,12740.79
31041.13,3803.79,13067.48
31097.97,3824.68,13201.98
31008.69,3799.61,13036.43
31068.69,3801.19,13072.43
31060.47,3809.84,13128.95
30991.52,3795.54,13112.64
30814.26,3768.25,12998.5
,,
30930.52,3798.91,13197.18
31188.38,3851.85,13457.25
31176.01,3853.07,13530.91
30996.98,3841.47,13543.06
30960.0,3855.36,13635.99
30937.04,3849.62,13626.06
30303.17,3750.77,13270.6
30603.36,3787.38,13337.16
29982.62,3714.24,13070.69
30211.91,3773.86,13403.39
30687.48,3826.31,13612.78
30723.6,3830.17,13610.54
31055.86,3871.74,13777.74
31148.24,3886.83,13856.3
31385.76,3915.59,13987.64
31375.83,3911.23,14007.7
31437.8,3909.88,13972.53
31430.7,3916.38,14025.77
31458.4,3934.83,14095.47
,,
31522.75,3932.59,14047.5
31613.02,3931.33,13965.49
31493.34,3913.97,13865.36
31494.32,3906.71,13874.46
31521.69,3876.5,13533.05
31537.35,3881.37,13465.2
31961.86,3925.43,13597.97
31402.01,3829.34,13119.43
30932.37,3811.15,13192.35
31535.51,3901.82,13588.83
31391.52,3870.29,13358.79
31270.09,3819.72,12997.75
30924.14,3768.47,12723.47
31496.3,3841.94,12920.15
31802.44,3821.35,12609.16
31832.74,3875.44,13073.82
32297.02,3898.81,13068.83
32485.59,3939.34,13398.67
32778.64,3943.34,13319.86
32953.46,3968.94,13459.71
32825.95,3962.71,13471.57
33015.37,3974.12,13525.2
32862.3,3915.46,13116.17
32627.97,3913.1,13215.24
32731.2,3940.59,13377.54
32423.15,3910.52,13227.7
32420.06,3889.14,12961.89
32619.48,3909.52,12977.68
33072.88,3974.54,13138.72
33171.37,3971.09,13059.65
33066.96,3958.55,13045.39
32981.55,3972.89,13246.87
33153.21,4019.87,13480.11
,,
33527.19,4077.91,13705.59
33430.24,4073.94,13698.38
33446.26,4079.95,13688.84
33503.57,4097.17,13829.31
33800.6,4128.8,13900.19
33745.4,4127.99,13850.0
33677.27,4141.59,13996.1
33730.89,4124.66,13857.84
34035.99,4170.42,14038.76
34200.67,4185.47,14052.34
34077.63,4163.26,13914.77
33821.3,4134.94,13786.27
34137.31,4173.42,13950.22
33815.9,4134.98,13818.41
34043.49,4180.17,14016.81
33981.57,4187.62,14138.78
33984.93,4186.72,14090.22
33820.38,4183.18,14051.03
34060.36,4211.47,14082.55
33874.85,4181.17,13962.68
34113.23,4192.66,13895.12
34133.03,4164.66,13633.5
34230.34,4167.59,13582.42
34548.53,4201.62,13632.84
34777.76,4232.6,13752.24
34742.82,4188.43,13401.86
34269.16,4152.1,13389.43
33587.66,4063.04,13031.68
34021.45,4112.5,13124.99
34382.13,4173.85,13379.05
34327.79,4163.29,13379.05
34060.66,4127.83,13303.64
33896.04,4115.68,13299.74
34084.15,4159.12,13535.74
34207.84,4155.86,13470.99
34393.98,4197.05,13661.17
34312.46,4188.13,13657.17
34323.05,4195.99,13738.0
34464.64,4200.88,13736.28
34529.45,4204.11,13748.74
,,
34575.31,4202.04,13736.48
34600.38,4208.12,13756.33
34577.04,4192.85,13614.51
34756.39,4229.89,13814.49
34630.24,4226.52,13881.72
34599.82,4227.26,13924.91
34447.14,4219.55,13911.75
34466.24,4239.18,14020.33
34479.6,4247.44,14069.42
34393.75,4255.15,14174.14
34299.33,4246.59,14072.86
34033.67,4223.7,14039.68
33823.45,4221.86,14161.35
33290.08,4166.45,14030.38
33876.97,4224.79,14141.48
33945.58,4246.44,14253.27
33874.24,4241.84,14271.73
34196.82,4266.49,14369.71
34433.84,4280.7,14360.39
34283.27,4290.61,14500.51
34292.29,4291.8,14528.33
34502.51,4297.5,14503.95
34633.53,4319.94,14522.38
34786.35,4352.34,14639.33
,,
34577.37,4343.54,14663.64
34681.79,4358.13,14665.06
34421.93,4320.82,14559.78
34870.16,4369.55,14701.92
34996.18,4384.63,14733.24
34888.79,4369.21,14677.65
34933.23,4374.3,14644.95
34987.02,4360.03,14543.13
34687.85,4327.16,14427.24
33962.04,4258.49,14274.98
34511.99,4323.06,14498.88
34798.0,4358.69,14631.95
34823.35,4367.48,14684.6
35061.55,4411.79,14836.99
35144.31,4422.3,14840.71
35058.52,4401.46,14660.58
34930.93,4400.64,14762.58
35084.53,4419.15,14778.26
34935.47,4395.26,14672.68
34838.16,4387.16,14681.07
35116.4,4423.15,14761.29
34792.67,4402.66,14780.53
35064.25,4429.1,14895.12
35208.51,4436.52,14835.76
35101.85,4432.35,14860.18
35264.67,4436.75,14788.09
35484.97,4447.7,14765.14
35499.85,4460.83,14816.26
35515.38,4468.0,14822.9
35625.4,4479.71,14793.76
35343.28,4448.08,14656.18
34960.69,4400.27,14525.91
34894.12,4405.8,14541.79
35120.08,4441.67,14714.66
35335.71,4479.53,14942.65
35366.26,4486.23,15019.8
35405.5,4496.19,15041.86
35213.12,4470.0,14945.81
35455.8,4509.37,15129.5
35399.84,4528.79,15265.89
35360.73,4522.68,15259.24
35312.53,4524.09,15309.38
35443.82,4536.95,15331.18
35369.09,4535.43,15363.52
,,
35100.0,4520.03,15374.33
35031.07,4514.07,15286.64
34879.38,4493.28,15248.25
34607.72,4458.58,15115.49
34869.63,4468.73,15105.58
34577.57,4443.05,15037.76
34814.39,4480.7,15161.53
34751.32,4473.75,15181.92
34584.88,4432.99,15043.97
33970.47,4357.73,14713.9
33919.84,4354.19,14746.4
34258.32,4395.64,14896.85
34764.82,4448.98,15052.24
34798.0,4455.48,15047.7
34869.37,4443.11,14969.97
34299.99,4352.63,14546.68
34390.72,4359.46,14512.44
33843.92,4307.54,14448.58
34326.46,4357.04,14566.7
34002.92,4300.46,14255.48
34314.67,4345.72,14433.83
34416.99,4363.55,14501.91
34754.94,4399.76,14654.02
34746.25,4391.34,14579.54
34496.06,4361.19,14486.2
34378.34,4350.65,14465.92
34377.81,4363.8,14571.64
34912.56,4438.26,14823.43
35294.76,4471.37,14897.34
35258.61,4486.46,15021.81
35457.31,4519.63,15129.09
35609.34,4536.19,15121.68
35603.08,4549.78,15215.7
35677.02,4544.9,15090.2
35741.15,4566.48,15226.71
35756.88,4574.79,15235.71
35490.69,4551.68,15235.84
35730.48,4596.42,15448.12
35819.56,4605.38,15498.39
35913.84,4613.67,15595.92
36052.63,4630.65,15649.6
36157.58,4660.57,15811.58
36124.23,4680.06,15940.31
36327.95,4697.53,15971.59
36432.22,4701.7,15982.36
36319.98,4685.25,15886.54
36079.94,4646.71,15622.71
35921.23,4649.27,15704.28
36100.31,4682.85,15860.96
36087.45,4682.8,15853.85
36142.22,4700.9,15973.86
35931.05,4688.67,15921.57
35870.95,4704.54,15993.71
35601.98,4697.96,16057.44
35619.25,4682.94,15854.76
35813.8,4690.7,15775.14
35804.38,4701.46,15845.23
,,
34899.34,4594.62,15491.66
35135.94,4655.27,15782.83
34483.72,4567.0,15537.69
34022.04,4513.04,15254.05
34639.79,4577.1,15381.32
34580.08,4538.43,15085.47
35227.03,4591.67,15225.15
35719.43,4686.75,15686.92
35754.75,4701.21,15786.99
35754.69,4667.45,15517.37
35970.99,4712.02,15630.6
35650.95,4668.97,15413.28
35544.18,4634.09,15237.64
35927.43,4709.85,15565.58
35897.64,4668.67,15180.43
35365.44,4620.64,15169.68
34932.16,4568.02,14980.94
35492.7,4649.23,15341.09
35753.89,4696.56,15521.89
35950.56,4725.79,15653.37
,,
36302.38,4791.19,15871.26
36398.21,4786.35,15781.72
36488.63,4793.06,15766.22
36398.08,4778.73,15741.56
36338.3,4766.18,15644.97
36585.06,4796.56,15832.8
36799.65,4793.54,15622.72
36407.11,4700.58,15100.17
36236.47,4696.05,15080.86
36231.66,4677.03,14935.9
36068.87,4670.29,14942.83
36252.02,4713.07,15153.45
36290.32,4726.35,15188.39
36113.62,4659.03,14806.81
35911.81,4662.85,14893.75
,,
35368.47,4577.11,14506.9
35028.65,4532.76,14340.26
34715.39,4482.73,14154.02
34265.37,4397.94,13768.92
34364.5,4410.13,13855.13
34297.73,4356.45,13539.29
34168.09,4349.93,13542.12
34160.78,4326.51,13352.78
34725.47,4431.85,13770.57
35131.86,4515.55,14239.88
35405.24,4546.54,14346.0
35629.33,4589.38,14417.55
35111.16,4477.44,13878.82
35089.74,4500.53,14098.01
35091.13,4483.87,14015.67
35462.78,4521.54,14194.45
35768.06,4587.18,14490.37
35241.59,4504.08,14185.64
34738.06,4418.64,13791.15
34566.17,4401.67,13790.92
34988.84,4471.07,14139.76
34934.27,4475.01,14124.09
34312.03,4380.26,13716.72
34079.18,4348.87,13548.07
,,
33596.61,4304.76,13381.52
33131.76,4225.5,13037.49
33223.83,4288.7,13473.58
34058.75,4384.65,13694.62
33892.6,4373.94,13751.4
33294.95,4306.26,13532.46
33891.35,4386.54,13752.02
33794.66,4363.49,13537.94
33614.8,4328.87,13313.44
32817.38,4201.09,12830.96
32632.64,4170.7,12795.55
33286.25,4277.88,13255.55
33174.07,4259.52,13129.96
32944.19,4204.31,12843.81
32945.24,4173.11,12581.22
33544.34,4262.45,12948.62
34063.1,4357.86,13436.55
34480.76,4411.67,13614.78
34754.93,4463.12,13893.84
34552.99,4461.18,13838.46
34807.46,4511.61,14108.82
34358.5,4456.24,13922.6
34707.94,4520.16,14191.84
34861.24,4543.06,14169.3
34955.89,4575.52,14354.9
35294.19,4631.6,14619.64
35228.81,4602.45,14442.27
34678.35,4530.41,14220.52
34818.27,4545.86,14261.5
34921.88,4582.64,14532.55
34641.18,4525.12,14204.17
34496.51,4481.15,13888.82
34583.57,4500.21,13897.3
34721.12,4488.28,13711.0
34308.08,4412.53,13411.96
34220.36,4397.45,13371.57
34564.59,4446.59,13643.59
34451.23,4392.59,13351.08
,,
34411.69,4391.69,13332.36
34911.2,4462.21,13619.66
35160.79,4459.45,13453.07
34792.76,4393.66,13174.65
33811.4,4271.78,12839.29
34049.46,4296.12,13004.85
33240.18,4175.2,12490.74
33301.93,4183.96,12488.93
33916.39,4287.5,12871.53
32977.21,4131.93,12334.64
33061.5,4155.38,12536.02
33128.79,4175.48,12563.76
34061.06,4300.17,12964.86
32997.97,4146.87,12317.69
32899.37,4123.34,12144.66
32245.7,3991.24,11623.25
32160.74,4001.05,11737.67
31834.11,3935.18,11364.24
31730.3,3930.08,11370.96
32196.66,4023.89,11805.0
32223.42,4008.01,11662.79
32654.59,4088.85,11984.52
31490.07,3923.68,11418.15
31253.13,3900.79,11388.5
31261.9,3901.36,11354.62
31880.24,3973.75,11535.27
31928.62,3941.48,11264.45
32120.28,3978.73,11434.74
32637.19,4057.84,11740.65
33212.96,4158.24,12131.13
,,
32990.12,4132.15,12081.39
32813.23,4101.23,11994.46
33248.28,4176.82,12316.9
32899.7,4108.54,12012.73
32915.78,4121.43,12061.37
33180.14,4160.68,12175.23
32910.9,4115.77,12086.27
32272.79,4017.82,11754.23
31392.79,3900.86,11340.02
30516.74,3749.63,10809.23
30364.83,3735.48,10828.35
30668.53,3789.99,11099.15
29927.07,3666.77,10646.1
29888.78,3674.84,10798.35
,,
30530.25,3764.79,11069.3
30483.13,3759.89,11053.08
30677.36,3795.73,11232.19
31500.68,3911.74,11607.62
31438.26,3900.11,11524.55
30946.99,3821.55,11181.54
31029.31,3818.83,11177.89
30775.43,3785.38,11028.74
31097.26,3825.33,11127.85
,,
30967.82,3831.39,11322.24
31037.68,3845.08,11361.85
31384.55,3902.62,11621.35
31338.15,3899.38,11635.31
31173.84,3854.43,11372.6
30981.33,3818.8,11264.73
30772.79,3801.78,11247.58
30630.17,3790.38,11251.19
31288.26,3863.16,11452.42
31072.61,3830.85,11360.05
31827.05,3936.69,11713.15
31874.84,3959.9,11897.65
32036.9,3998.95,12059.61
31899.29,3961.63,11834.11
31990.04,3966.84,11782.67
31761.54,3921.05,11562.57
32197.59,4023.61,12032.42
32529.63,4072.43,12162.59
32845.13,4130.29,12390.69
32798.4,4118.63,12368.98
32396.17,4091.19,12348.76
32812.5,4155.17,12668.16
32726.82,4151.94,12720.58
32803.47,4145.19,12657.55
32832.54,4140.06,12644.46
32774.41,4122.47,12493.93
33309.51,4210.24,12854.8
33336.67,4207.27,12779.91
33761.05,4280.15,13047.19
33912.44,4297.14,13128.05
34152.01,4305.2,13102.55
33980.32,4274.04,12938.12
33999.04,4283.74,12965.34
33706.74,4228.48,12705.22
33063.61,4137.99,12381.57
32909.59,4128.73,12381.3
32969.23,4140.77,12431.53
33291.78,4199.12,12639.27
32283.4,4057.66,12141.71
32098.99,4030.61,12017.67
31790.87,3986.16,11883.14
31510.43,3955.0,11816.2
31656.42,3966.85,11785.13
31318.44,3924.26,11630.86
,,
31145.3,3908.19,11544.91
31581.28,3979.87,11791.9
31774.52,4006.18,11862.13
32151.71,4067.36,12112.31
32381.34,4110.41,12266.41
31104.97,3932.69,11633.57
31135.09,3946.01,11719.68
30961.82,3901.35,11552.36
30822.42,3873.33,11448.4
31019.68,3899.89,11535.02
30706.23,3855.93,11425.05
30183.78,3789.93,11220.19
30076.68,3757.99,11066.81
29590.41,3693.23,10867.93
29260.81,3655.04,10802.92
29134.99,3647.29,10829.5
29683.74,3719.04,11051.64
29225.61,3640.47,10737.51
28725.51,3585.62,10575.62
29490.89,3678.43,10815.43
30316.32,3790.93,11176.41
30273.87,3783.28,11148.64
29926.94,3744.52,11073.31
29296.79,3639.66,10652.4
29202.88,3612.39,10542.1
29239.19,3588.84,10426.19
29210.85,3577.03,10417.1
30038.72,3669.91,10649.15
29634.83,3583.07,10321.39
30185.82,3677.95,10675.8
30523.8,3719.98,10772.4
30423.81,3695.16,10680.51
30333.59,3665.78,10614.84
31082.56,3752.75,10859.72
31499.62,3797.34,10952.61
31836.74,3859.11,11199.12
31839.11,3830.6,10970.99
32033.28,3807.3,10792.67
32861.8,3901.06,11102.45
32732.95,3871.98,10988.15
32653.2,3856.1,10890.85
32147.76,3759.69,10524.8
32001.25,3719.89,10342.94
32403.22,3770.55,10475.25
32827.0,3806.8,10564.52
33160.83,3828.11,10616.2
32513.94,3748.57,10353.17
33715.37,3956.37,11114.15
33747.86,3992.93,11323.33
33536.7,3957.25,11196.22
33592.92,3991.73,11358.41
33553.83,3958.79,11183.66
33546.32,3946.56,11144.96
33745.69,3965.34,11146.06
33700.28,3949.94,11024.51
34098.1,4003.58,11174.41
34194.06,4027.26,11285.32
,,
34347.03,4026.12,11226.36
33849.46,3963.94,11049.5
33852.53,3957.63,10983.78
34589.77,4080.11,11468.0
34395.01,4076.57,11482.45
34429.88,4071.7,11461.5
33947.1,3998.84,11239.94
33596.34,3941.26,11014.89
33597.92,3933.92,10958.55
33781.48,3963.51,11082.0
33476.46,3934.38,11004.62
34005.04,3990.56,11143.74
34108.64,4019.65,11256.81
33966.35,3995.32,11170.89
33202.22,3895.75,10810.53
32920.46,3852.36,10705.41
32757.54,3817.66,10546.03
32849.74,3821.62,10547.11
33376.48,3878.44,10709.37
33027.49,3822.39,10476.12
33203.93,3844.82,10497.86
,,
33241.56,3829.25,10353.23
32875.71,3783.22,10213.29
33220.8,3849.28,10478.09
33147.25,3839.5,10466.48
,,
33136.37,3824.14,10386.98
33269.77,3852.97,10458.76
32930.08,3808.1,10305.24
33630.61,3895.08,10569.29
33517.65,3892.09,10635.65
33704.1,3919.25,10742.63
33973.01,3969.61,10931.67
34189.97,3983.17,11001.1
34302.61,3999.09,11079.16
,,
33910.85,3990.97,11095.11
33296.96,3928.86,10957.01
33044.56,3898.85,10852.27
33375.49,3972.61,11140.43
33629.56,4019.81,11364.41
33733.96,4016.95,11334.27
33743.84,4016.22,11313.36
33949.41,4060.43,11512.41
33978.08,4070.56,11621.71
33717.09,4017.77,11393.81
34086.04,4076.6,11584.55
34092.96,4119.21,11816.32
34053.94,4179.76,12200.82
33926.01,4136.48,12006.95
33891.02,4111.08,11887.45
34156.69,4164.0,12113.79
33949.01,4117.86,11910.52
33699.88,4081.5,11789.58
33869.27,4090.46,11718.12
34245.93,4137.29,11891.79
34089.27,4136.13,11960.15
34128.05,4147.6,12070.59
33696.85,4090.41,11855.83
33826.69,4079.09,11787.27
,,
33129.59,3997.34,11492.3
33045.09,3991.05,11507.07
33153.91,4012.32,11590.4
32816.92,3970.04,11394.94
32889.09,3982.24,11466.98
32656.7,3970.15,11455.54
32661.84,3951.39,11379.48
33003.57,3981.35,11462.98
33390.97,4045.64,11689.01
33431.44,4048.42,11675.74
32856.46,3986.37,11530.33
32798.4,3992.01,11576.0
32254.86,3918.32,11338.35
31909.64,3861.59,11138.89
31819.14,3855.76,11188.84
32155.4,3919.29,11428.15
31874.57,3891.93,11434.05
32246.55,3960.28,11717.28
31861.98,3916.64,11630.51
32244.58,3951.57,11675.54
32560.6,4002.87,11860.11
32030.11,3936.97,11669.96
32105.25,3948.72,11787.4
32237.53,3970.99,11823.96
32432.08,3977.53,11768.84
32394.25,3971.27,11716.08
32717.6,4027.81,11926.24
32859.03,4050.83,12013.47
33274.15,4109.31,12221.91
33601.15,4124.51,12189.45
33402.38,4100.6,12126.33
33482.72,4090.38,11996.86
33485.29,4105.02,12087.96
,,
33586.52,4109.11,12084.35
33684.79,4108.94,12031.88
33646.5,4091.95,11929.34
34029.69,4146.22,12166.27
33886.47,4137.64,12123.47
33987.18,4151.32,12157.72
33976.63,4154.87,12153.41
33897.01,4154.52,12157.23
33786.62,4129.79,12059.56
33808.96,4133.52,12072.46
33875.4,4137.04,12037.2
33530.83,4071.63,11799.16
33301.87,4055.99,11854.35
33826.16,4135.35,12142.24
34098.16,4169.48,12226.58
34051.7,4167.87,12212.6
33684.53,4119.58,12080.51
33414.24,4090.75,12025.33
33127.74,4061.22,11966.4
33674.38,4136.25,12235.41
33618.69,4138.12,12256.92
33561.81,4119.17,12179.55
33531.33,4137.64,12306.44
33309.51,4130.62,12328.51
33300.62,4124.08,12284.74
33348.6,4136.28,12365.21
33012.14,4109.9,12343.05
33420.77,4158.77,12500.57
33535.91,4198.05,12688.84
33426.63,4191.98,12657.9
33286.58,4192.63,12720.78
33055.51,4145.58,12560.25
32799.92,4115.24,12484.16
32764.65,4151.28,12698.09
33093.34,4205.45,12975.69
,,
33042.78,4205.52,13017.43
32908.27,4179.83,12935.29
33061.57,4221.02,13100.98
33762.76,4282.37,13240.77
33562.86,4273.79,13229.43
33573.28,4283.85,13276.42
33665.02,4267.52,13104.89
33833.61,4293.93,13238.52
33876.78,4298.86,13259.14
34066.33,4338.93,13461.92
34212.12,4369.01,13573.32
33979.33,4372.59,13626.48
34408.06,4425.84,13782.82
34299.12,4409.59,13689.57
,,
34053.87,4388.71,13667.29
33951.52,4365.69,13502.2
33946.71,4381.89,13630.61
33727.43,4348.33,13492.52
33714.71,4328.82,13335.78
33926.74,4378.41,13555.67
33852.66,4376.86,13591.75
34122.42,4396.44,13591.33
34407.6,4450.38,13787.92
34418.47,4455.59,13816.77
,,
34288.64,4446.82,13791.65
33922.26,4411.59,13679.04
33734.88,4398.95,13660.72
33944.4,4409.53,13685.48
34261.42,4439.26,13760.7
34347.43,4472.16,13918.96
34395.14,4510.04,14138.57
34509.03,4505.42,14113.7
34585.35,4522.79,14244.95
34951.93,4554.98,14353.64
35061.21,4565.72,14358.02
35225.18,4534.87,14063.31
35227.69,4536.34,14032.81
35411.24,4554.64,14058.87
35438.07,4567.46,14144.56
35520.12,4566.75,14127.28
35282.72,4537.41,14050.11
35459.29,4582.23,14316.66
35559.53,4588.96,14346.02
35630.68,4576.73,14283.91
35282.52,4513.39,13973.45
35215.89,4501.89,13959.72
35065.62,4478.03,13909.24
35473.13,4518.44,13994.4
35314.49,4499.38,13884.32
35123.36,4467.71,13722.02
35176.15,4468.83,13737.99
35281.4,4464.05,13644.85
35307.63,4489.72,13788.33
34946.39,4437.86,13631.05
34765.74,4404.33,13474.63
34474.83,4370.36,13316.93
34500.66,4369.71,13290.78
34463.69,4399.77,13497.59
34288.83,4387.55,13505.87
34472.98,4436.01,13721.03
34099.42,4376.31,13463.97
34346.9,4405.71,13590.65
34559.98,4433.31,13705.13
34852.67,4497.63,13943.76
34890.24,4514.87,14019.31
34721.91,4507.66,14034.97
34837.71,4515.77,14031.81
,,
34641.97,4496.83,14020.95
34443.19,4465.48,13872.47
34500.73,4451.14,13748.83
34576.59,4457.49,13761.53
34663.72,4487.46,13917.89
34645.99,4461.9,13773.61
34575.53,4467.44,13813.59
34907.11,4505.1,13926.05
34618.24,4450.32,13708.33
34624.3,4453.53,13710.24
34517.73,4443.95,13678.19
34440.88,4402.2,13469.13
34070.42,4330.0,13223.98
33963.84,4320.06,13211.81
34006.88,4337.44,13271.32
33618.88,4273.53,13063.61
33550.27,4274.51,13092.85
33666.34,4299.7,13201.28
33507.5,4288.05,13219.32
33433.35,4288.39,13307.77
33002.38,4229.45,13059.47
33129.55,4263.75,13236.01
33119.57,4258.19,13219.83
33407.58,4308.5,13431.34
33604.65,4335.66,13484.24
33739.3,4358.24,13562.84
33804.87,4376.95,13659.68
33631.14,4349.61,13574.22
33670.29,4327.78,13407.23
33984.54,4373.63,13567.98
33997.65,4373.2,13533.75
33665.08,4314.6,13314.3
33414.17,4278.0,13186.18
33127.28,4224.16,12983.81
32936.41,4217.04,13018.33
33141.38,4247.68,13139.87
33035.93,4186.77,12821.22
32784.3,4137.23,12595.61
32417.59,4117.37,12643.01
32928.96,4166.82,12789.48
33052.87,4193.8,12851.24
33274.58,4237.86,13061.47
33839.08,4317.78,13294.19
34061.32,4358.34,13478.28
34095.86,4365.98,13518.78
34152.6,4378.38,13639.86
34112.27,4382.78,13650.41
33891.94,4347.35,13521.45
34283.1,4415.24,13798.11
34337.87,4411.55,13767.74
34827.7,4495.7,14094.38
34991.21,4502.88,14103.84
34945.47,4508.24,14113.67
34947.28,4514.02,14125.48
35151.04,4547.38,14284.53
35088.29,4538.19,14199.98
35273.03,4556.62,14265.86
,,
35390.15,4559.34,14250.85
35333.47,4550.43,14241.02
35416.98,4554.89,14281.76
35430.42,4550.58,14258.49
35950.89,4567.8,14226.22
36245.5,4594.63,14305.03
36204.44,4569.78,14185.49
36124.56,4567.18,14229.91
36054.43,4549.34,14146.71
36117.38,4585.59,14339.99
36247.87,4604.37,14403.97
36404.93,4622.44,14432.49
36577.94,4643.7,14533.4
37090.24,4707.09,14733.96
37248.35,4719.55,14761.56
37305.16,4719.19,14813.92
37306.02,4740.56,14905.19
37557.92,4768.37,15003.22
37082.0,4698.35,14777.94
37404.35,4746.75,14963.87
37385.97,4754.63,14992.97
,,
37545.33,4774.75,15074.57
37656.52,4781.58,15099.18
37710.1,4783.35,15095.14
37689.54,4769.83,15011.35
,,
37715.04,4742.83,14765.94
37430.19,4704.81,14592.21
37440.34,4688.68,14510.3
37466.11,4697.24,14524.07
37683.01,4763.54,14843.77
37525.16,4756.5,14857.71
37695.73,4783.45,14969.65
37711.02,4780.24,14970.18
37592.98,4783.83,14972.76
,,
37361.12,4765.98,14944.35
37266.67,4739.21,14855.62
37468.61,4780.94,15055.65
37863.8,4839.81,15310.97
38001.81,4850.43,15360.29
37905.45,4864.6,15425.94
37806.39,4868.55,15481.92
38049.13,4894.16,15510.5
38109.43,4890.97,15455.36
38333.45,4927.93,15628.04
38467.31,4924.97,15509.9
38150.3,4845.65,15164.01
38519.84,4906.19,15361.64
38654.42,4958.61,15628.95
38380.12,4942.81,15597.68
38521.36,4954.23,15609.0
38677.36,4995.06,15756.64
38726.33,4997.91,15793.71
38671.69,5026.61,15990.66
38797.38,5021.84,15942.55
38272.75,4953.17,15655.6
38424.27,5000.62,15859.15
38773.12,5029.73,15906.17
38627.99,5005.57,15775.65
,,
38563.8,4975.51,15630.78
38612.24,4981.8,15580.87
39069.11,5087.03,16041.62
39131.53,5088.8,15996.82
39069.23,5069.53,15976.25
38972.41,5078.18,16035.3
38949.02,5069.76,15947.74
38996.39,5096.27,16091.92
39087.38,5137.08,16274.94
38989.83,5130.95,16207.51
38585.19,5078.65,15939.59
38661.05,5104.76,16031.54
38791.35,5157.36,16273.38
38722.69,5123.69,16085.11
38769.66,5117.94,16019.27
39005.49,5175.27,16265.64
39043.32,5165.31,16177.77
38905.66,5150.48,16128.53
38714.77,5117.09,15973.17
38790.43,5149.42,16103.45
39110.76,5178.51,16166.79
39512.13,5224.62,16369.41
39781.37,5241.53,16401.84
39475.9,5234.18,16428.82
39313.64,5218.19,16384.47
39282.33,5203.58,16315.7
39760.08,5248.49,16399.52
39807.37,5254.35,16379.46
,,
39566.85,5243.77,16396.83
39170.24,5205.81,16240.45
39127.14,5211.49,16277.46
38596.98,5147.21,16049.08
38904.04,5204.34,16248.52
38892.8,5202.39,16253.96
38883.67,5209.91,16306.64
38461.51,5160.64,16170.36
38459.08,5199.06,16442.2
37983.24,5123.41,16175.09
37735.11,5061.82,15885.02
37798.97,5051.41,15865.25
37753.31,5022.21,15683.37
37775.38,5011.12,15601.5
37986.4,4967.23,15282.01
38239.98,5010.6,15451.31
38503.69,5070.55,15696.64
38460.92,5071.63,15712.75
38085.8,5048.42,15611.76
38239.66,5099.96,15927.9
38386.09,5116.17,15983.08
37815.92,5035.69,15657.82
37903.29,5018.39,15605.48
38225.66,5064.2,15840.96
38675.68,5127.79,16156.33
38852.27,5180.74,16349.25
38884.26,5187.7,16332.56
39056.39,5187.67,16302.76
39387.76,5214.08,16346.26
39512.84,5222.68,16340.87
39431.51,5221.42,16388.24
39558.11,5246.68,16511.18
39908.0,5308.15,16742.39
39869.38,5297.1,16698.32
40003.59,5303.27,16685.97
39806.77,5308.13,16794.87
39872.99,5321.41,16832.62
39671.04,5307.01,16801.54
39065.26,5267.84,16736.03
39069.59,5304.72,16920.79
,,
38852.86,5306.04,17019.88
38441.54,5266.95,16920.58
38111.48,5235.48,16737.08
38686.32,5277.51,16735.02
38571.03,5283.4,16828.67
38711.29,5291.34,16857.05
38807.33,5354.03,17187.9
38886.17,5352.96,17173.12
38798.99,5346.99,17133.13
38868.04,5360.79,17192.53
38747.42,5375.32,17343.55
38712.21,5421.03,17608.44
38647.1,5433.74,17667.56
38589.16,5431.6,17688.88
38778.1,5473.23,17857.02
38834.86,5487.03,17862.23
,,
39134.76,5473.17,17721.59
39150.33,5464.62,17689.36
39411.21,5447.87,17496.82
39112.16,5469.3,17717.65
39127.8,5477.9,17805.16
39164.06,5482.87,17858.68
39118.86,5460.48,17732.6
39169.52,5475.09,17879.3
39331.85,5509.01,18028.76
39308.0,5537.02,18188.3
,,
39375.87,5567.19,18352.76
39344.79,5572.85,18403.74
39291.97,5576.98,18429.29
39721.36,5633.91,18647.45
39753.75,5584.54,18283.41
40000.9,5615.35,18398.45
40211.72,5631.22,18472.57
40954.48,5667.2,18509.34
41198.08,5588.27,17996.92
40665.02,5544.59,17871.22
40287.53,5505.0,17726.94
40415.44,5564.41,18007.57
40358.09,5555.74,17997.35
39853.87,5427.13,17342.41
39935.07,5399.22,17181.72
40589.34,5459.1,17357.88
40539.93,5463.54,17370.2
40743.33,5436.44,17147.42
40842.79,5522.3,17599.4
40347.97,5446.68,17194.15
